"url";"short_url"
"https://drive.google.com/uc?id=1FNCC5gOaRfPY9pJT3fX4peDBWxAQLu7D&export=download";"tiny.cc/Relax-oud_Unsen"
"https://drive.google.com/uc?id=1EpdFNTtHrMgV1QSzzJfYL-Bd2sAFUAme&export=download";"tiny.cc/Relax-oud_Pic18"
"https://drive.google.com/uc?id=1vG_yNRNPGAMMWvs7w_UCRlA1yff0YDC8&export=download";"tiny.cc/Relax-oud_China"
"https://drive.google.com/uc?id=1Q5SWqDBMWLrNHrGvunkwt9-PZb6k4tKo&export=download";"tiny.cc/Relax-oud_Thai"
"https://drive.google.com/uc?id=1wuo0YUaRTMp8JOZeV4fV12vDTUG-mco_&export=download";"tiny.cc/Relax-oud_Loli"
"https://drive.google.com/uc?id=1ez_oTLU3jqZYn3Br-f0NkkCjyBSlNL8W&export=download";"tiny.cc/Relax-oud_ShowCloseUp"
"https://drive.google.com/uc?id=14njsBRpL51Mdm3Ex7Kd6zPeZPoZfM2tg&export=download";"tiny.cc/Relax-oud_Main"
"https://www.google.com/maps/@13.7224458,100.2691089,3a,43.9y,111.71h,89.73t/data=!3m6!1e1!3m4!1sza6utnjzEzzTKEYMU6YGdg!2e0!7i16384!8i8192?entry=ttu";"tiny.cc/GPS_View_RD"
"https://drive.google.com/uc?id=1OPlKmzPr10lhwAfy9Fe-GG1bQSBw9_l8";"tiny.cc/oud-SeeNow_SeeNowRelax"
"https://missav.com/dm39/th/pym-486";"tiny.cc/Relax-oud_SeeNow18up"
"https://drive.google.com/uc?id=1TCQBko837TnlNioLz6uIcdpWY3iYG8-J&export=download";"tiny.cc/Baan_RD"
"https://drive.google.com/uc?id=1Sz02DFiEUuykea51XwUKdoqH_Z4bJgaZ";"tiny.cc/oud_Script_Gdrive"
"https://drive.google.com/uc?id=1Sz02DFiEUuykea51XwUKdoqH_Z4bJgaZ&export=download";"tiny.cc/gDRIVE_oud2ohm"
"https://drive.google.com/uc?id=1BGVsfNwnn6RKNqKhUXj7Qrvx1-fyOR2p&export=download";"tiny.cc/Gen_IPTV"
"https://drive.google.com/uc?id=1JTErkWgn1luRWnoBeAnQDu-ex3tLIET2&export=download";"tiny.cc/OnWeb_Movies"
"https://drive.google.com/uc?id=1kHAo29IPhhyCweOTb7aAer4cpk7zdf8I&export=download";"tiny.cc/OnWeb_Movies-1"
"https://drive.google.com/uc?id=1l9z8T7heImLs47_g08LDfczB6zcX7RqI&export=download";"tiny.cc/OnWeb_Movies-2"
"https://drive.google.com/uc?id=1QJJ6Cpdp5G0re0HPt2-uWJPKOrhjpY6W&export=download";"tiny.cc/Gen_Misc_IPTV"
"https://drive.google.com/uc?id=1pUAsD2xXWLF67u9J3WgDgVxvPIHLNOrt&export=download";"tiny.cc/60Sex_Orgasm"
"https://drive.google.com/uc?id=1TLP1DvKfRCGVXxAYP3gFTAinGvZFzxCU&export=download";"tiny.cc/Gen_18_60Sex_Orgasm"
"https://drive.google.com/uc?id=1w8Y66rmuSmJE7eA7GNrEKzbOrCGqOmtQ&export=download";"tiny.cc/Gen_Anime"
